--
-- PostgreSQL database dump
--

-- Dumped from database version 16.9 (Ubuntu 16.9-0ubuntu0.24.04.1)
-- Dumped by pg_dump version 16.9 (Ubuntu 16.9-0ubuntu0.24.04.1)

SET statement_timeout = 0;
SET lock_timeout = 0;
SET idle_in_transaction_session_timeout = 0;
SET client_encoding = 'UTF8';
SET standard_conforming_strings = on;
SELECT pg_catalog.set_config('search_path', '', false);
SET check_function_bodies = false;
SET xmloption = content;
SET client_min_messages = warning;
SET row_security = off;

SET default_tablespace = '';

SET default_table_access_method = heap;

--
-- Name: auth_group; Type: TABLE; Schema: public; Owner: nako
--

CREATE TABLE public.auth_group (
    id integer NOT NULL,
    name character varying(150) NOT NULL
);


ALTER TABLE public.auth_group OWNER TO nako;

--
-- Name: auth_group_id_seq; Type: SEQUENCE; Schema: public; Owner: nako
--

ALTER TABLE public.auth_group ALTER COLUMN id ADD GENERATED BY DEFAULT AS IDENTITY (
    SEQUENCE NAME public.auth_group_id_seq
    START WITH 1
    INCREMENT BY 1
    NO MINVALUE
    NO MAXVALUE
    CACHE 1
);


--
-- Name: auth_group_permissions; Type: TABLE; Schema: public; Owner: nako
--

CREATE TABLE public.auth_group_permissions (
    id bigint NOT NULL,
    group_id integer NOT NULL,
    permission_id integer NOT NULL
);


ALTER TABLE public.auth_group_permissions OWNER TO nako;

--
-- Name: auth_group_permissions_id_seq; Type: SEQUENCE; Schema: public; Owner: nako
--

ALTER TABLE public.auth_group_permissions ALTER COLUMN id ADD GENERATED BY DEFAULT AS IDENTITY (
    SEQUENCE NAME public.auth_group_permissions_id_seq
    START WITH 1
    INCREMENT BY 1
    NO MINVALUE
    NO MAXVALUE
    CACHE 1
);


--
-- Name: auth_permission; Type: TABLE; Schema: public; Owner: nako
--

CREATE TABLE public.auth_permission (
    id integer NOT NULL,
    name character varying(255) NOT NULL,
    content_type_id integer NOT NULL,
    codename character varying(100) NOT NULL
);


ALTER TABLE public.auth_permission OWNER TO nako;

--
-- Name: auth_permission_id_seq; Type: SEQUENCE; Schema: public; Owner: nako
--

ALTER TABLE public.auth_permission ALTER COLUMN id ADD GENERATED BY DEFAULT AS IDENTITY (
    SEQUENCE NAME public.auth_permission_id_seq
    START WITH 1
    INCREMENT BY 1
    NO MINVALUE
    NO MAXVALUE
    CACHE 1
);


--
-- Name: authtoken_token; Type: TABLE; Schema: public; Owner: nako
--

CREATE TABLE public.authtoken_token (
    key character varying(40) NOT NULL,
    created timestamp with time zone NOT NULL,
    user_id bigint NOT NULL
);


ALTER TABLE public.authtoken_token OWNER TO nako;

--
-- Name: django_admin_log; Type: TABLE; Schema: public; Owner: nako
--

CREATE TABLE public.django_admin_log (
    id integer NOT NULL,
    action_time timestamp with time zone NOT NULL,
    object_id text,
    object_repr character varying(200) NOT NULL,
    action_flag smallint NOT NULL,
    change_message text NOT NULL,
    content_type_id integer,
    user_id bigint NOT NULL,
    CONSTRAINT django_admin_log_action_flag_check CHECK ((action_flag >= 0))
);


ALTER TABLE public.django_admin_log OWNER TO nako;

--
-- Name: django_admin_log_id_seq; Type: SEQUENCE; Schema: public; Owner: nako
--

ALTER TABLE public.django_admin_log ALTER COLUMN id ADD GENERATED BY DEFAULT AS IDENTITY (
    SEQUENCE NAME public.django_admin_log_id_seq
    START WITH 1
    INCREMENT BY 1
    NO MINVALUE
    NO MAXVALUE
    CACHE 1
);


--
-- Name: django_content_type; Type: TABLE; Schema: public; Owner: nako
--

CREATE TABLE public.django_content_type (
    id integer NOT NULL,
    app_label character varying(100) NOT NULL,
    model character varying(100) NOT NULL
);


ALTER TABLE public.django_content_type OWNER TO nako;

--
-- Name: django_content_type_id_seq; Type: SEQUENCE; Schema: public; Owner: nako
--

ALTER TABLE public.django_content_type ALTER COLUMN id ADD GENERATED BY DEFAULT AS IDENTITY (
    SEQUENCE NAME public.django_content_type_id_seq
    START WITH 1
    INCREMENT BY 1
    NO MINVALUE
    NO MAXVALUE
    CACHE 1
);


--
-- Name: django_migrations; Type: TABLE; Schema: public; Owner: nako
--

CREATE TABLE public.django_migrations (
    id bigint NOT NULL,
    app character varying(255) NOT NULL,
    name character varying(255) NOT NULL,
    applied timestamp with time zone NOT NULL
);


ALTER TABLE public.django_migrations OWNER TO nako;

--
-- Name: django_migrations_id_seq; Type: SEQUENCE; Schema: public; Owner: nako
--

ALTER TABLE public.django_migrations ALTER COLUMN id ADD GENERATED BY DEFAULT AS IDENTITY (
    SEQUENCE NAME public.django_migrations_id_seq
    START WITH 1
    INCREMENT BY 1
    NO MINVALUE
    NO MAXVALUE
    CACHE 1
);


--
-- Name: django_session; Type: TABLE; Schema: public; Owner: nako
--

CREATE TABLE public.django_session (
    session_key character varying(40) NOT NULL,
    session_data text NOT NULL,
    expire_date timestamp with time zone NOT NULL
);


ALTER TABLE public.django_session OWNER TO nako;

--
-- Name: home_faq; Type: TABLE; Schema: public; Owner: nako
--

CREATE TABLE public.home_faq (
    id bigint NOT NULL,
    question character varying(255) NOT NULL,
    answer text NOT NULL,
    created_at timestamp with time zone NOT NULL
);


ALTER TABLE public.home_faq OWNER TO nako;

--
-- Name: home_faq_id_seq; Type: SEQUENCE; Schema: public; Owner: nako
--

ALTER TABLE public.home_faq ALTER COLUMN id ADD GENERATED BY DEFAULT AS IDENTITY (
    SEQUENCE NAME public.home_faq_id_seq
    START WITH 1
    INCREMENT BY 1
    NO MINVALUE
    NO MAXVALUE
    CACHE 1
);


--
-- Name: home_feedback; Type: TABLE; Schema: public; Owner: nako
--

CREATE TABLE public.home_feedback (
    id bigint NOT NULL,
    star integer,
    text text NOT NULL,
    created_at timestamp with time zone NOT NULL,
    name_id bigint NOT NULL
);


ALTER TABLE public.home_feedback OWNER TO nako;

--
-- Name: home_feedback_id_seq; Type: SEQUENCE; Schema: public; Owner: nako
--

ALTER TABLE public.home_feedback ALTER COLUMN id ADD GENERATED BY DEFAULT AS IDENTITY (
    SEQUENCE NAME public.home_feedback_id_seq
    START WITH 1
    INCREMENT BY 1
    NO MINVALUE
    NO MAXVALUE
    CACHE 1
);


--
-- Name: home_news; Type: TABLE; Schema: public; Owner: nako
--

CREATE TABLE public.home_news (
    id bigint NOT NULL,
    slug character varying(255) NOT NULL,
    title character varying(255) NOT NULL,
    image character varying(100),
    content text NOT NULL,
    created_at timestamp with time zone NOT NULL,
    url character varying(255)
);


ALTER TABLE public.home_news OWNER TO nako;

--
-- Name: home_news_id_seq; Type: SEQUENCE; Schema: public; Owner: nako
--

ALTER TABLE public.home_news ALTER COLUMN id ADD GENERATED BY DEFAULT AS IDENTITY (
    SEQUENCE NAME public.home_news_id_seq
    START WITH 1
    INCREMENT BY 1
    NO MINVALUE
    NO MAXVALUE
    CACHE 1
);


--
-- Name: otp_totp_totpdevice; Type: TABLE; Schema: public; Owner: nako
--

CREATE TABLE public.otp_totp_totpdevice (
    id integer NOT NULL,
    name character varying(64) NOT NULL,
    confirmed boolean NOT NULL,
    key character varying(80) NOT NULL,
    step smallint NOT NULL,
    t0 bigint NOT NULL,
    digits smallint NOT NULL,
    tolerance smallint NOT NULL,
    drift smallint NOT NULL,
    last_t bigint NOT NULL,
    user_id bigint NOT NULL,
    throttling_failure_count integer NOT NULL,
    throttling_failure_timestamp timestamp with time zone,
    created_at timestamp with time zone,
    last_used_at timestamp with time zone,
    CONSTRAINT otp_totp_totpdevice_digits_check CHECK ((digits >= 0)),
    CONSTRAINT otp_totp_totpdevice_step_check CHECK ((step >= 0)),
    CONSTRAINT otp_totp_totpdevice_throttling_failure_count_check CHECK ((throttling_failure_count >= 0)),
    CONSTRAINT otp_totp_totpdevice_tolerance_check CHECK ((tolerance >= 0))
);


ALTER TABLE public.otp_totp_totpdevice OWNER TO nako;

--
-- Name: otp_totp_totpdevice_id_seq; Type: SEQUENCE; Schema: public; Owner: nako
--

ALTER TABLE public.otp_totp_totpdevice ALTER COLUMN id ADD GENERATED BY DEFAULT AS IDENTITY (
    SEQUENCE NAME public.otp_totp_totpdevice_id_seq
    START WITH 1
    INCREMENT BY 1
    NO MINVALUE
    NO MAXVALUE
    CACHE 1
);


--
-- Name: users_kycform; Type: TABLE; Schema: public; Owner: nako
--

CREATE TABLE public.users_kycform (
    id bigint NOT NULL,
    name character varying(100) NOT NULL,
    form_id character varying(64) NOT NULL,
    is_active boolean NOT NULL,
    description text NOT NULL,
    target_group character varying(100) NOT NULL
);


ALTER TABLE public.users_kycform OWNER TO nako;

--
-- Name: users_kycform_id_seq; Type: SEQUENCE; Schema: public; Owner: nako
--

ALTER TABLE public.users_kycform ALTER COLUMN id ADD GENERATED BY DEFAULT AS IDENTITY (
    SEQUENCE NAME public.users_kycform_id_seq
    START WITH 1
    INCREMENT BY 1
    NO MINVALUE
    NO MAXVALUE
    CACHE 1
);


--
-- Name: users_user; Type: TABLE; Schema: public; Owner: nako
--

CREATE TABLE public.users_user (
    id bigint NOT NULL,
    password character varying(128) NOT NULL,
    last_login timestamp with time zone,
    is_superuser boolean NOT NULL,
    is_staff boolean NOT NULL,
    date_joined timestamp with time zone NOT NULL,
    code integer,
    email character varying(254) NOT NULL,
    first_name character varying(100) NOT NULL,
    last_name character varying(100) NOT NULL,
    is_active boolean NOT NULL,
    avatar character varying(100) NOT NULL,
    birth_date date,
    country character varying(100),
    last_activity timestamp with time zone,
    phone character varying(15),
    surname character varying(100),
    is_2fa_enabled boolean NOT NULL,
    totp_secret character varying(32),
    uuid uuid NOT NULL,
    phone_verified boolean NOT NULL
);


ALTER TABLE public.users_user OWNER TO nako;

--
-- Name: users_user_groups; Type: TABLE; Schema: public; Owner: nako
--

CREATE TABLE public.users_user_groups (
    id bigint NOT NULL,
    user_id bigint NOT NULL,
    group_id integer NOT NULL
);


ALTER TABLE public.users_user_groups OWNER TO nako;

--
-- Name: users_user_groups_id_seq; Type: SEQUENCE; Schema: public; Owner: nako
--

ALTER TABLE public.users_user_groups ALTER COLUMN id ADD GENERATED BY DEFAULT AS IDENTITY (
    SEQUENCE NAME public.users_user_groups_id_seq
    START WITH 1
    INCREMENT BY 1
    NO MINVALUE
    NO MAXVALUE
    CACHE 1
);


--
-- Name: users_user_id_seq; Type: SEQUENCE; Schema: public; Owner: nako
--

ALTER TABLE public.users_user ALTER COLUMN id ADD GENERATED BY DEFAULT AS IDENTITY (
    SEQUENCE NAME public.users_user_id_seq
    START WITH 1
    INCREMENT BY 1
    NO MINVALUE
    NO MAXVALUE
    CACHE 1
);


--
-- Name: users_user_user_permissions; Type: TABLE; Schema: public; Owner: nako
--

CREATE TABLE public.users_user_user_permissions (
    id bigint NOT NULL,
    user_id bigint NOT NULL,
    permission_id integer NOT NULL
);


ALTER TABLE public.users_user_user_permissions OWNER TO nako;

--
-- Name: users_user_user_permissions_id_seq; Type: SEQUENCE; Schema: public; Owner: nako
--

ALTER TABLE public.users_user_user_permissions ALTER COLUMN id ADD GENERATED BY DEFAULT AS IDENTITY (
    SEQUENCE NAME public.users_user_user_permissions_id_seq
    START WITH 1
    INCREMENT BY 1
    NO MINVALUE
    NO MAXVALUE
    CACHE 1
);


--
-- Data for Name: auth_group; Type: TABLE DATA; Schema: public; Owner: nako
--

COPY public.auth_group (id, name) FROM stdin;
\.


--
-- Data for Name: auth_group_permissions; Type: TABLE DATA; Schema: public; Owner: nako
--

COPY public.auth_group_permissions (id, group_id, permission_id) FROM stdin;
\.


--
-- Data for Name: auth_permission; Type: TABLE DATA; Schema: public; Owner: nako
--

COPY public.auth_permission (id, name, content_type_id, codename) FROM stdin;
1	Can add log entry	1	add_logentry
2	Can change log entry	1	change_logentry
3	Can delete log entry	1	delete_logentry
4	Can view log entry	1	view_logentry
5	Can add permission	2	add_permission
6	Can change permission	2	change_permission
7	Can delete permission	2	delete_permission
8	Can view permission	2	view_permission
9	Can add group	3	add_group
10	Can change group	3	change_group
11	Can delete group	3	delete_group
12	Can view group	3	view_group
13	Can add content type	4	add_contenttype
14	Can change content type	4	change_contenttype
15	Can delete content type	4	delete_contenttype
16	Can view content type	4	view_contenttype
17	Can add session	5	add_session
18	Can change session	5	change_session
19	Can delete session	5	delete_session
20	Can view session	5	view_session
21	Can add 	6	add_news
22	Can change 	6	change_news
23	Can delete 	6	delete_news
24	Can view 	6	view_news
25	Can add Пользователь	7	add_user
26	Can change Пользователь	7	change_user
27	Can delete Пользователь	7	delete_user
28	Can view Пользователь	7	view_user
29	Can add static device	8	add_staticdevice
30	Can change static device	8	change_staticdevice
31	Can delete static device	8	delete_staticdevice
32	Can view static device	8	view_staticdevice
33	Can add static token	9	add_statictoken
34	Can change static token	9	change_statictoken
35	Can delete static token	9	delete_statictoken
36	Can view static token	9	view_statictoken
37	Can add TOTP device	10	add_totpdevice
38	Can change TOTP device	10	change_totpdevice
39	Can delete TOTP device	10	delete_totpdevice
40	Can view TOTP device	10	view_totpdevice
41	Can add kyc form	11	add_kycform
42	Can change kyc form	11	change_kycform
43	Can delete kyc form	11	delete_kycform
44	Can view kyc form	11	view_kycform
45	Can add Token	12	add_token
46	Can change Token	12	change_token
47	Can delete Token	12	delete_token
48	Can view Token	12	view_token
49	Can add Token	13	add_tokenproxy
50	Can change Token	13	change_tokenproxy
51	Can delete Token	13	delete_tokenproxy
52	Can view Token	13	view_tokenproxy
53	Can add Обратная связь	14	add_feedback
54	Can change Обратная связь	14	change_feedback
55	Can delete Обратная связь	14	delete_feedback
56	Can view Обратная связь	14	view_feedback
57	Can add Часто задаваемый вопрос	15	add_faq
58	Can change Часто задаваемый вопрос	15	change_faq
59	Can delete Часто задаваемый вопрос	15	delete_faq
60	Can view Часто задаваемый вопрос	15	view_faq
\.


--
-- Data for Name: authtoken_token; Type: TABLE DATA; Schema: public; Owner: nako
--

COPY public.authtoken_token (key, created, user_id) FROM stdin;
62c60ca9e17b4ed607a6a93c1f8b0cfe6cc1483f	2025-07-30 11:32:07.750798+05	11
6dd291f6ae5700db33a586e349b4ee2cddcf75a0	2025-07-31 22:46:31.403578+05	41
a613bc642d7db34f07a467f784e69c4f2ba7e178	2025-07-31 23:18:53.691453+05	35
e0d8682e7386ce7f41da4192c279b5bffc89f0b6	2025-08-07 14:24:37.944425+05	44
774d8c86075a007089da2b0b768e4954dcfc1ad8	2025-08-07 16:13:39.502306+05	47
\.


--
-- Data for Name: django_admin_log; Type: TABLE DATA; Schema: public; Owner: nako
--

COPY public.django_admin_log (id, action_time, object_id, object_repr, action_flag, change_message, content_type_id, user_id) FROM stdin;
35	2025-07-30 14:40:29.182721+05	32	bekamametov07@gmail.com	3		7	35
36	2025-07-30 17:08:57.915998+05	38	bekamametov07@gmail.com	2	[{"changed": {"fields": ["\\u0418\\u043c\\u044f", "\\u0424\\u0430\\u043c\\u0438\\u043b\\u0438\\u044f", "\\u0410\\u043a\\u0442\\u0438\\u0432\\u043d\\u044b\\u0439", "\\u0422\\u0435\\u043b\\u0435\\u0444\\u043e\\u043d \\u043f\\u043e\\u0434\\u0442\\u0432\\u0435\\u0440\\u0436\\u0434\\u0435\\u043d"]}}]	7	35
37	2025-07-30 17:10:14.080893+05	38	bekamametov07@gmail.com	2	[{"changed": {"fields": ["\\u0410\\u043a\\u0442\\u0438\\u0432\\u043d\\u044b\\u0439", "\\u0422\\u0435\\u043b\\u0435\\u0444\\u043e\\u043d \\u043f\\u043e\\u0434\\u0442\\u0432\\u0435\\u0440\\u0436\\u0434\\u0435\\u043d"]}}]	7	35
38	2025-07-30 17:10:26.629696+05	38	bekamametov07@gmail.com	2	[{"changed": {"fields": ["\\u0410\\u043a\\u0442\\u0438\\u0432\\u043d\\u044b\\u0439"]}}]	7	35
39	2025-07-31 08:26:21.697201+05	38	bekamametov07@gmail.com	2	[{"changed": {"fields": ["\\u0422\\u0435\\u043b\\u0435\\u0444\\u043e\\u043d \\u043f\\u043e\\u0434\\u0442\\u0432\\u0435\\u0440\\u0436\\u0434\\u0435\\u043d"]}}]	7	35
40	2025-07-31 17:18:16.548254+05	40	bekamametov07@gmail.com	2	[{"changed": {"fields": ["\\u0422\\u0435\\u043b\\u0435\\u0444\\u043e\\u043d \\u043f\\u043e\\u0434\\u0442\\u0432\\u0435\\u0440\\u0436\\u0434\\u0435\\u043d"]}}]	7	35
41	2025-08-01 16:00:10.987983+05	1	Условия по карте VISA  а банках по всему миру	1	[{"added": {}}]	6	35
42	2025-08-01 16:05:51.634531+05	2	Условия по карте VISA  а банках по всему миру	1	[{"added": {}}]	6	35
43	2025-08-01 16:06:02.422047+05	2	Условия по карте VISA  а банках по всему миру	2	[{"changed": {"fields": ["\\u0418\\u0437\\u043e\\u0431\\u0440\\u0430\\u0436\\u0435\\u043d\\u0438\\u0435"]}}]	6	35
44	2025-08-01 16:07:07.330635+05	3	Условия по карте VISA  а банках по всему миру	1	[{"added": {}}]	6	35
45	2025-08-01 16:07:49.141287+05	4	Условия по карте VISA  а банках по всему миру	1	[{"added": {}}]	6	35
46	2025-08-01 16:08:29.40042+05	5	Условия по карте VISA  а банках по всему миру	1	[{"added": {}}]	6	35
47	2025-08-01 16:09:08.463609+05	6	Условия по карте VISA  а банках по всему миру	1	[{"added": {}}]	6	35
48	2025-08-01 16:22:06.211995+05	6	Условия по карте VISA  а банках по всему миру	2	[{"changed": {"fields": ["\\u0421\\u0441\\u044b\\u043b\\u043a\\u0430"]}}]	6	35
49	2025-08-01 16:22:11.039052+05	5	Условия по карте VISA  а банках по всему миру	2	[{"changed": {"fields": ["\\u0421\\u0441\\u044b\\u043b\\u043a\\u0430"]}}]	6	35
50	2025-08-01 16:22:17.080034+05	4	Условия по карте VISA  а банках по всему миру	2	[{"changed": {"fields": ["\\u0421\\u0441\\u044b\\u043b\\u043a\\u0430"]}}]	6	35
51	2025-08-01 16:22:21.534118+05	3	Условия по карте VISA  а банках по всему миру	2	[{"changed": {"fields": ["\\u0421\\u0441\\u044b\\u043b\\u043a\\u0430"]}}]	6	35
52	2025-08-01 16:22:27.942407+05	1	Условия по карте VISA  а банках по всему миру	2	[{"changed": {"fields": ["\\u0421\\u0441\\u044b\\u043b\\u043a\\u0430"]}}]	6	35
53	2025-08-01 16:23:22.963393+05	4	Условия по карте VISA  а банках по всему миру	2	[{"changed": {"fields": ["\\u0418\\u0437\\u043e\\u0431\\u0440\\u0430\\u0436\\u0435\\u043d\\u0438\\u0435"]}}]	6	35
54	2025-08-01 16:23:51.115467+05	6	Условия по карте VISA  а банках по всему миру	2	[{"changed": {"fields": ["\\u0418\\u0437\\u043e\\u0431\\u0440\\u0430\\u0436\\u0435\\u043d\\u0438\\u0435"]}}]	6	35
55	2025-08-01 16:24:18.435039+05	2	Условия по карте VISA  а банках по всему миру	2	[{"changed": {"fields": ["\\u0418\\u0437\\u043e\\u0431\\u0440\\u0430\\u0436\\u0435\\u043d\\u0438\\u0435"]}}]	6	35
56	2025-08-01 16:39:30.918436+05	2	admin@gmail.com	1	[{"added": {}}]	14	35
57	2025-08-01 16:39:53.993588+05	3	user@example.com	1	[{"added": {}}]	14	35
58	2025-08-01 16:40:03.102114+05	4	bekamametov0@gmail.com	1	[{"added": {}}]	14	35
59	2025-08-01 16:40:11.597585+05	5	bekamametov0@gmail.com	1	[{"added": {}}]	14	35
60	2025-08-01 16:45:46.589109+05	1	Биткоин - это как обычные деньги в Интернете?	1	[{"added": {}}]	15	35
61	2025-08-01 16:46:52.587977+05	2	Что такое криптовалюта?	1	[{"added": {}}]	15	35
62	2025-08-01 16:47:15.255349+05	3	Чем биткоин отличается от обычных денег?	1	[{"added": {}}]	15	35
63	2025-08-01 16:47:29.702919+05	4	Безопасно ли инвестировать в криптовалюту?	1	[{"added": {}}]	15	35
64	2025-08-01 16:47:42.793464+05	5	Где хранить криптовалюту?	1	[{"added": {}}]	15	35
65	2025-08-01 16:47:55.49256+05	6	Что такое майнинг?	1	[{"added": {}}]	15	35
66	2025-08-01 16:48:07.327075+05	7	Что такое токен и как он отличается от монеты?	1	[{"added": {}}]	15	35
67	2025-08-01 16:48:22.157548+05	8	Является ли криптовалюта легальной?	1	[{"added": {}}]	15	35
68	2025-08-02 11:29:07.565542+05	40	bekamametov07@gmail.com	3		7	35
69	2025-08-02 11:29:07.565582+05	39	bekamametov0@gmail.com	3		7	35
70	2025-08-02 17:02:33.834914+05	35	admin@gmail.com	2	[{"changed": {"fields": ["\\u0418\\u043c\\u044f"]}}]	7	35
71	2025-08-02 17:03:00.910926+05	8	admin@gmail.com	2	[{"changed": {"fields": ["\\u0421\\u043e\\u043e\\u0431\\u0449\\u0435\\u043d\\u0438\\u0435"]}}]	14	35
72	2025-08-02 17:03:46.383695+05	8	admin@gmail.com	2	[{"changed": {"fields": ["\\u0421\\u043e\\u043e\\u0431\\u0449\\u0435\\u043d\\u0438\\u0435"]}}]	14	35
73	2025-08-02 17:04:05.31142+05	9	bekamametov07@gmail.com	2	[{"changed": {"fields": ["\\u041e\\u0446\\u0435\\u043d\\u043a\\u0430", "\\u0421\\u043e\\u043e\\u0431\\u0449\\u0435\\u043d\\u0438\\u0435"]}}]	14	35
74	2025-08-02 17:04:22.260868+05	43	bekamametov07@gmail.com	2	[{"changed": {"fields": ["\\u0418\\u043c\\u044f"]}}]	7	35
75	2025-08-02 17:04:41.759794+05	7	admin@gmail.com	2	[{"changed": {"fields": ["\\u0421\\u043e\\u043e\\u0431\\u0449\\u0435\\u043d\\u0438\\u0435"]}}]	14	35
76	2025-08-02 17:05:00.307512+05	3	user@example.com	2	[{"changed": {"fields": ["\\u0421\\u043e\\u043e\\u0431\\u0449\\u0435\\u043d\\u0438\\u0435"]}}]	14	35
77	2025-08-02 17:05:05.182257+05	2	admin@gmail.com	2	[]	14	35
78	2025-08-02 17:06:03.236682+05	6	admin@gmail.com	2	[{"changed": {"fields": ["\\u0421\\u043e\\u043e\\u0431\\u0449\\u0435\\u043d\\u0438\\u0435"]}}]	14	35
79	2025-08-07 15:50:43.518069+05	43	bekamametov07@gmail.com	3		7	35
\.


--
-- Data for Name: django_content_type; Type: TABLE DATA; Schema: public; Owner: nako
--

COPY public.django_content_type (id, app_label, model) FROM stdin;
1	admin	logentry
2	auth	permission
3	auth	group
4	contenttypes	contenttype
5	sessions	session
6	home	news
7	users	user
8	django_otp	staticdevice
9	django_otp	statictoken
10	otp_totp	totpdevice
11	users	kycform
12	authtoken	token
13	authtoken	tokenproxy
14	home	feedback
15	home	faq
\.


--
-- Data for Name: django_migrations; Type: TABLE DATA; Schema: public; Owner: nako
--

COPY public.django_migrations (id, app, name, applied) FROM stdin;
1	contenttypes	0001_initial	2025-07-17 11:07:58.249627+05
2	contenttypes	0002_remove_content_type_name	2025-07-17 11:07:58.254507+05
3	auth	0001_initial	2025-07-17 11:07:58.287399+05
4	auth	0002_alter_permission_name_max_length	2025-07-17 11:07:58.291493+05
5	auth	0003_alter_user_email_max_length	2025-07-17 11:07:58.295939+05
6	auth	0004_alter_user_username_opts	2025-07-17 11:07:58.300428+05
7	auth	0005_alter_user_last_login_null	2025-07-17 11:07:58.304966+05
8	auth	0006_require_contenttypes_0002	2025-07-17 11:07:58.306309+05
9	auth	0007_alter_validators_add_error_messages	2025-07-17 11:07:58.310476+05
10	auth	0008_alter_user_username_max_length	2025-07-17 11:07:58.314868+05
11	auth	0009_alter_user_last_name_max_length	2025-07-17 11:07:58.319205+05
12	auth	0010_alter_group_name_max_length	2025-07-17 11:07:58.324405+05
13	auth	0011_update_proxy_permissions	2025-07-17 11:07:58.32874+05
14	auth	0012_alter_user_first_name_max_length	2025-07-17 11:07:58.333222+05
15	users	0001_initial	2025-07-17 11:07:58.366187+05
16	admin	0001_initial	2025-07-17 11:07:58.384707+05
17	admin	0002_logentry_remove_auto_add	2025-07-17 11:07:58.3933+05
18	admin	0003_logentry_add_action_flag_choices	2025-07-17 11:07:58.39973+05
19	home	0001_initial	2025-07-17 11:07:58.410694+05
20	home	0002_alter_news_content	2025-07-17 11:07:58.413256+05
21	sessions	0001_initial	2025-07-17 11:07:58.423033+05
22	users	0002_user_avatar_user_birth_date_user_country_and_more	2025-07-17 11:07:58.454824+05
23	otp_totp	0001_initial	2025-07-17 15:46:29.006667+05
24	otp_totp	0002_auto_20190420_0723	2025-07-17 15:46:29.026375+05
25	otp_totp	0003_add_timestamps	2025-07-17 15:46:29.046809+05
26	two_factor	0001_initial	2025-07-17 15:46:29.050024+05
27	two_factor	0002_auto_20150110_0810	2025-07-17 15:46:29.050847+05
28	two_factor	0003_auto_20150817_1733	2025-07-17 15:46:29.051367+05
29	two_factor	0004_auto_20160205_1827	2025-07-17 15:46:29.051859+05
30	two_factor	0005_auto_20160224_0450	2025-07-17 15:46:29.052299+05
31	two_factor	0006_phonedevice_key_default	2025-07-17 15:46:29.052772+05
32	two_factor	0007_auto_20201201_1019	2025-07-17 15:46:29.053206+05
33	two_factor	0008_delete_phonedevice	2025-07-17 15:46:29.053641+05
34	two_factor	0001_squashed_0008_delete_phonedevice	2025-07-17 15:46:29.05574+05
35	users	0003_user_is_2fa_enabled_user_totp_secret	2025-07-17 15:53:18.482662+05
36	users	0004_kycform	2025-07-28 15:21:37.613177+05
37	users	0005_user_uuid	2025-07-28 15:23:41.787989+05
38	authtoken	0001_initial	2025-07-30 11:31:51.569569+05
39	authtoken	0002_auto_20160226_1747	2025-07-30 11:31:51.596335+05
40	authtoken	0003_tokenproxy	2025-07-30 11:31:51.598714+05
41	authtoken	0004_alter_tokenproxy_options	2025-07-30 11:31:51.602597+05
42	users	0006_user_phone_verified	2025-07-30 13:53:33.930617+05
43	users	0002_alter_user_phone	2025-07-30 14:13:03.56243+05
44	users	0003_alter_user_last_activity	2025-08-01 15:48:19.744924+05
45	home	0003_news_url	2025-08-01 16:15:00.818737+05
46	home	0004_feedback	2025-08-01 16:36:39.050457+05
47	home	0005_faq	2025-08-01 16:44:29.477591+05
48	home	0006_alter_feedback_star	2025-08-07 16:42:43.496043+05
\.


--
-- Data for Name: django_session; Type: TABLE DATA; Schema: public; Owner: nako
--

COPY public.django_session (session_key, session_data, expire_date) FROM stdin;
fvomh0e7n5x3z3ydzz4nlawm56g22bfa	.eJxVjEEOwiAQRe_C2hCmDCm4dO8ZyAwDUjU0Ke3KeHdt0oVu_3vvv1Skba1x63mJk6izsk6dfkem9MhtJ3Kndpt1mtu6TKx3RR-06-ss-Xk53L-DSr1-a8dsBYKMRhChgMVEAESjh5JzATLBSiFxiMV7cilwGqxjSNkI46DeHx8pONo:1uh36T:6vHFIRsqBO-C5c4X8jRP3hV5utRN0cJ7O1Q65kEIfFQ	2025-08-13 14:28:05.765489+05
3v36kemy0c7kjx8dyfsymwgw6w7hpeuh	.eJxVjEEOwiAQRe_C2hCmDCm4dO8ZyAwDUjU0Ke3KeHdt0oVu_3vvv1Skba1x63mJk6izsk6dfkem9MhtJ3Kndpt1mtu6TKx3RR-06-ss-Xk53L-DSr1-a8dsBYKMRhChgMVEAESjh5JzATLBSiFxiMV7cilwGqxjSNkI46DeHx8pONo:1uh3IF:MqHMFz6QVLp7SH5mDOcdPgV4MD9w0CIlU31sKkeFoPA	2025-08-13 14:40:15.162299+05
m3kjnxvfjadryu11rj050o0kwdqr3960	.eJxVjEEOwiAQRe_C2hCmDCm4dO8ZyAwDUjU0Ke3KeHdt0oVu_3vvv1Skba1x63mJk6izsk6dfkem9MhtJ3Kndpt1mtu6TKx3RR-06-ss-Xk53L-DSr1-a8dsBYKMRhChgMVEAESjh5JzATLBSiFxiMV7cilwGqxjSNkI46DeHx8pONo:1ui5jT:fLmLpObQh6ScrJ6oYYMx2hilbz3ppvvqGGyIAn0lQiA	2025-08-16 11:28:39.577898+05
40haxy6ca4g80hcpza2rqocer9ed718v	.eJxVjEEOwiAQRe_C2hAYoFCX7j0DYZhBqoYmpV0Z765NutDtf-_9l4hpW2vcOi9xInEWxonT74gpP7jthO6p3WaZ57YuE8pdkQft8joTPy-H-3dQU6_fuhiCwNZ7rYsi8MguAYAGbdTgyY0AbGFQEIrKxmFBWxCQM7IZPQbx_gDs2zfG:1ujyBt:o47gYecd6sIp8GIl0CsOnYT5eJIa0XMJclGQKi_pRfw	2025-08-21 15:49:45.719631+05
qmujlqa8kx1cjuwcdgoglwi0cyl1ki92	.eJxVjEEOwiAQRe_C2hAYoFCX7j0DYZhBqoYmpV0Z765NutDtf-_9l4hpW2vcOi9xInEWxonT74gpP7jthO6p3WaZ57YuE8pdkQft8joTPy-H-3dQU6_fuhiCwNZ7rYsi8MguAYAGbdTgyY0AbGFQEIrKxmFBWxCQM7IZPQbx_gDs2zfG:1ujyC7:JR73_6BctBNnv0g5u0AP5Ga0AUsrGhwCmvGO8Zf1ASw	2025-08-21 15:49:59.451074+05
\.


--
-- Data for Name: home_faq; Type: TABLE DATA; Schema: public; Owner: nako
--

COPY public.home_faq (id, question, answer, created_at) FROM stdin;
1	Биткоин - это как обычные деньги в Интернете?	Как пройти верификацию личности? Как пройти верификацию личности?Как пройти верификацию личности?Как пройти верификацию личности?Как пройти верификацию личности?Как пройти верификацию личности?Как пройти верификацию личности?рм	2025-08-01 16:45:46.586878+05
2	Что такое криптовалюта?	Криптовалюта — это цифровая (виртуальная) форма денег, основанная на технологии блокчейн. Она не выпускается централизованным банком и используется для онлайн-платежей и инвестиций.	2025-08-01 16:46:52.585511+05
3	Чем биткоин отличается от обычных денег?	Биткоин децентрализован, его нельзя напечатать или контролировать из одного центра, и количество монет ограничено 21 миллионом. В отличие от фиатных валют, его эмиссия предсказуема и программно задана.	2025-08-01 16:47:15.254273+05
4	Безопасно ли инвестировать в криптовалюту?	Криптовалюта высоковолатильна, и инвестиции в неё несут высокий риск. Но при правильном подходе и понимании рынка это может быть выгодно. Использовать нужно только проверенные биржи и кошельки.	2025-08-01 16:47:29.702016+05
5	Где хранить криптовалюту?	Горячие (онлайн, быстрее, но уязвимее) — например, Trust Wallet, MetaMask\r\n\r\nХолодные (офлайн, безопаснее) — Ledger, Trezor	2025-08-01 16:47:42.791998+05
6	Что такое майнинг?	Майнинг — это процесс проверки транзакций и добавления новых блоков в блокчейн. Майнеры получают вознаграждение в виде новых монет (например, биткоинов).	2025-08-01 16:47:55.491631+05
7	Что такое токен и как он отличается от монеты?	Монета имеет собственный блокчейн (например, Bitcoin, Ethereum).\r\n\r\nТокен работает на чужом блокчейне (например, USDT на Ethereum). Токены часто используются в смарт-контрактах и проектах DeFi.	2025-08-01 16:48:07.325513+05
8	Является ли криптовалюта легальной?	Это зависит от страны. В некоторых странах (например, Япония, Швейцария) — легализована. В других — ограничена или запрещена. Важно проверять местное законодательство.	2025-08-01 16:48:22.15655+05
\.


--
-- Data for Name: home_feedback; Type: TABLE DATA; Schema: public; Owner: nako
--

COPY public.home_feedback (id, star, text, created_at, name_id) FROM stdin;
8	5	"Инвестировал в биткойн два года назад — волатильность зашкаливает, но прибыль возможна. Главное — понимать риски и не паниковать."	2025-08-02 15:24:00.48497+05	35
7	5	"Удобно использовать USDT для переводов — быстро и без банков. Минус — высокая комиссия в Ethereum-сети."	2025-08-02 15:21:53.092866+05	35
3	5	"Много мошенников и скама в мире криптовалют, новичку легко потерять деньги. Обучение и холодный кошелёк — обязательны."	2025-08-01 16:39:53.991788+05	11
2	4	Осталась довольна! Все сделали быстро и качественно. Спасибо за\r\nхороший подход	2025-08-01 16:39:30.915641+05	35
6	5	"Криптовалюта — это будущее финансов, но всё ещё слишком нестабильна для повседневного использования. Не хватает регулирования и защиты инвесторов."	2025-08-02 15:19:58.260608+05	35
\.


--
-- Data for Name: home_news; Type: TABLE DATA; Schema: public; Owner: nako
--

COPY public.home_news (id, slug, title, image, content, created_at, url) FROM stdin;
5	usloviya-po-karte-visa-a-	Условия по карте VISA  а банках по всему миру	news_images/Rectangle_150_1.png	<p>На порталах banks.kg поступают запросы по карте VISA. Для наших пользователей подготовлена инцормация о условии...</p>	2025-08-01 16:08:29.39949+05	https://banks.kg/
3	usloviya-po-karte-visa-a-bankah-po	Условия по карте VISA  а банках по всему миру	news_images/Rectangle_150_tU7CCqo.png	<p>На порталах banks.kg поступают запросы по карте VISA. Для наших пользователей подготовлена инцормация о условии...</p>	2025-08-01 16:07:07.329702+05	https://banks.kg
1	usloviya-po-karte-visa-a-bankah-po-vsemu-miru	Условия по карте VISA  а банках по всему миру	news_images/Rectangle_150.png	<p>На порталах banks.kg поступают запросы по карте VISA. Для наших пользователей подготовлена инцормация о условии...</p>	2025-08-01 16:00:10.985188+05	https://banks.kg
4	usloviya-po-karte-visa-a-bankah	Условия по карте VISA  а банках по всему миру	news_images/Rectangle_150_2.png	<p>На порталах banks.kg поступают запросы по карте VISA. Для наших пользователей подготовлена инцормация о условии...</p>	2025-08-01 16:07:49.140324+05	https://banks.kg
6	usloviya-po-	Условия по карте VISA  а банках по всему миру	news_images/Rectangle_150_2_UDGDnRb.png	<p>На порталах banks.kg поступают запросы по карте VISA. Для наших пользователей подготовлена инцормация о условии...</p>\r\n\r\n<p>&nbsp;</p>	2025-08-01 16:09:08.46266+05	https://banks.kg/
2	usloviya-po-karte-visa-a-bankah-po-vsemu-	Условия по карте VISA  а банках по всему миру	news_images/Rectangle_150_4.png	<p>На порталах banks.kg поступают запросы по карте VISA. Для наших пользователей подготовлена инцормация о условии...</p>	2025-08-01 16:05:51.633092+05	\N
\.


--
-- Data for Name: otp_totp_totpdevice; Type: TABLE DATA; Schema: public; Owner: nako
--

COPY public.otp_totp_totpdevice (id, name, confirmed, key, step, t0, digits, tolerance, drift, last_t, user_id, throttling_failure_count, throttling_failure_timestamp, created_at, last_used_at) FROM stdin;
\.


--
-- Data for Name: users_kycform; Type: TABLE DATA; Schema: public; Owner: nako
--

COPY public.users_kycform (id, name, form_id, is_active, description, target_group) FROM stdin;
\.


--
-- Data for Name: users_user; Type: TABLE DATA; Schema: public; Owner: nako
--

COPY public.users_user (id, password, last_login, is_superuser, is_staff, date_joined, code, email, first_name, last_name, is_active, avatar, birth_date, country, last_activity, phone, surname, is_2fa_enabled, totp_secret, uuid, phone_verified) FROM stdin;
45	pbkdf2_sha256$1000000$wFiJJNL0MAYEIfJCBc7hXm$g5vptzMhdCpLOnRY1BgcaSUoRwGeh5/y9R+VjU0YJ5o=	\N	f	f	2025-08-07 14:24:21.060235+05	810760	envknr@gmail.com			f		\N	\N	2025-08-07 14:24:21.764599+05	\N	\N	f	\N	a0f1d1eb-5aa3-4eea-8563-7721def4898c	f
47	pbkdf2_sha256$1000000$fErNceIrWBH1Wv4voBeqe0$4k6YA3y1rV+ZS6FYecuFiJC4fIdP4dXRP85vh25View=	\N	f	f	2025-08-07 16:12:38.306599+05	641874	bekamametov07@gmail.com	Beksultan	Mametov	t		\N		2025-08-08 00:19:11.251886+05	+996703259863		f	6XHCPEXTKQBOS2TDB2SWENCWRSEUHSYE	0b0e5619-eaa4-4611-b7dc-d41a7f50978f	f
9	pbkdf2_sha256$1000000$cXPhuk8xalQkMvElP24IyH$kEtmlP7qb57jywwm6r6GmZqzQRFq3Meoqvp6nxb3GjU=	\N	f	f	2025-07-28 16:59:27.162925+05	834729	wekvdfjln@fwve.ve			f		\N	\N	2025-07-28 16:59:27.900324+05	\N	\N	f	\N	4ef6539a-b7ce-44ac-9572-111d1d532b44	f
44	pbkdf2_sha256$1000000$VqsW4WZzuLShlyQGMDqZk0$VSYbJMMF/8qemITcegSYgTKEzf6kSl6XZh71owzzawE=	\N	f	f	2025-08-07 14:24:18.630272+05	268459	jejayav372@elobits.com	Test	Test	t		2025-03-11	Кыргызстан	2025-08-07 14:30:57.661037+05	\N	Test	f	IDIJUZFARRCESKCIVJPYXV5UPLOIMWZB	6f67bb9f-4034-4377-b79e-d291eed3cde2	f
41	pbkdf2_sha256$1000000$3IJx4ce6MLawjdyL86Wvcw$jt0iHVQggx3BbOwD/uwQHrJV1ObvtAz8Ulgtv3HfaeA=	\N	f	f	2025-07-31 22:46:13.844224+05	957139	wdfhbejvb@nd.veer			t		\N	\N	2025-07-31 22:46:31.68653+05	\N	\N	f	6TXJ3HWHGKPIKRJ2CBID4W6RCFMY2B7W	6ec694b9-6589-4938-bd60-705af5377ee5	f
12	pbkdf2_sha256$1000000$8Y37nhI0pCrvZUL2BPwZSe$RYoLw1Q9ZEhcV+iues2+A1ZdGjWDJnwC5EFHKj3KWaM=	\N	f	f	2025-07-29 17:30:17+05	607959	ky1ychbekow06@gmail.com	Санжарбек	Кылычбеков	t		2025-07-30	Киргизия	2025-07-31 23:17:17.951931+05	\N	\N	f	\N	8b77282e-8d15-405e-b4e5-163f2f6d3f78	t
35	pbkdf2_sha256$1000000$2DnhaavjG9EurSMbRAKfpn$f6+ecodMDS+rpGOfQVJ5PKFm7K6iVKe6JoMrBkhi5ZE=	2025-08-07 15:49:59.446+05	t	t	2025-07-30 14:27:53+05	981347	admin@gmail.com	Бексултан	string	t		2025-07-30	string	2025-08-07 15:24:31.746988+05	+996703259868	string	f	7E7GU3Y3U2RTF4UO4CAMSEKASZTA4SWP	24344e1c-785d-4f95-a17c-8d170fc61d35	t
23	pbkdf2_sha256$1000000$SsoE01ngUoeCirURf4KUGU$A+R8iA7gLtiPJMDiJCefA/Q8UyEE90UR0pVU/dQHoCs=	\N	f	f	2025-07-30 09:54:38.372408+05	911679	ewlkrnjvwln@gmail.com			t		\N	\N	2025-07-30 09:55:11.893629+05	\N	\N	f	\N	9d9357fc-344c-4d5f-81b5-08fa9898b62b	f
11	pbkdf2_sha256$1000000$9GDWRMmciJJfnSw4M81Mtx$SYlkfLsYgGuk7OEfshXfIssXHptVK0+wrbYzlSaZBI0=	\N	f	f	2025-07-29 17:18:23+05	376286	user@example.com	Санжарбек	Кылычбеков	t		\N	\N	2025-07-30 11:32:12.712095+05	\N	\N	f	\N	b34c298c-2879-4882-b3ff-d088f0648003	f
\.


--
-- Data for Name: users_user_groups; Type: TABLE DATA; Schema: public; Owner: nako
--

COPY public.users_user_groups (id, user_id, group_id) FROM stdin;
\.


--
-- Data for Name: users_user_user_permissions; Type: TABLE DATA; Schema: public; Owner: nako
--

COPY public.users_user_user_permissions (id, user_id, permission_id) FROM stdin;
\.


--
-- Name: auth_group_id_seq; Type: SEQUENCE SET; Schema: public; Owner: nako
--

SELECT pg_catalog.setval('public.auth_group_id_seq', 1, false);


--
-- Name: auth_group_permissions_id_seq; Type: SEQUENCE SET; Schema: public; Owner: nako
--

SELECT pg_catalog.setval('public.auth_group_permissions_id_seq', 1, false);


--
-- Name: auth_permission_id_seq; Type: SEQUENCE SET; Schema: public; Owner: nako
--

SELECT pg_catalog.setval('public.auth_permission_id_seq', 60, true);


--
-- Name: django_admin_log_id_seq; Type: SEQUENCE SET; Schema: public; Owner: nako
--

SELECT pg_catalog.setval('public.django_admin_log_id_seq', 79, true);


--
-- Name: django_content_type_id_seq; Type: SEQUENCE SET; Schema: public; Owner: nako
--

SELECT pg_catalog.setval('public.django_content_type_id_seq', 15, true);


--
-- Name: django_migrations_id_seq; Type: SEQUENCE SET; Schema: public; Owner: nako
--

SELECT pg_catalog.setval('public.django_migrations_id_seq', 48, true);


--
-- Name: home_faq_id_seq; Type: SEQUENCE SET; Schema: public; Owner: nako
--

SELECT pg_catalog.setval('public.home_faq_id_seq', 8, true);


--
-- Name: home_feedback_id_seq; Type: SEQUENCE SET; Schema: public; Owner: nako
--

SELECT pg_catalog.setval('public.home_feedback_id_seq', 9, true);


--
-- Name: home_news_id_seq; Type: SEQUENCE SET; Schema: public; Owner: nako
--

SELECT pg_catalog.setval('public.home_news_id_seq', 6, true);


--
-- Name: otp_totp_totpdevice_id_seq; Type: SEQUENCE SET; Schema: public; Owner: nako
--

SELECT pg_catalog.setval('public.otp_totp_totpdevice_id_seq', 1, false);


--
-- Name: users_kycform_id_seq; Type: SEQUENCE SET; Schema: public; Owner: nako
--

SELECT pg_catalog.setval('public.users_kycform_id_seq', 1, false);


--
-- Name: users_user_groups_id_seq; Type: SEQUENCE SET; Schema: public; Owner: nako
--

SELECT pg_catalog.setval('public.users_user_groups_id_seq', 1, false);


--
-- Name: users_user_id_seq; Type: SEQUENCE SET; Schema: public; Owner: nako
--

SELECT pg_catalog.setval('public.users_user_id_seq', 47, true);


--
-- Name: users_user_user_permissions_id_seq; Type: SEQUENCE SET; Schema: public; Owner: nako
--

SELECT pg_catalog.setval('public.users_user_user_permissions_id_seq', 1, false);


--
-- Name: auth_group auth_group_name_key; Type: CONSTRAINT; Schema: public; Owner: nako
--

ALTER TABLE ONLY public.auth_group
    ADD CONSTRAINT auth_group_name_key UNIQUE (name);


--
-- Name: auth_group_permissions auth_group_permissions_group_id_permission_id_0cd325b0_uniq; Type: CONSTRAINT; Schema: public; Owner: nako
--

ALTER TABLE ONLY public.auth_group_permissions
    ADD CONSTRAINT auth_group_permissions_group_id_permission_id_0cd325b0_uniq UNIQUE (group_id, permission_id);


--
-- Name: auth_group_permissions auth_group_permissions_pkey; Type: CONSTRAINT; Schema: public; Owner: nako
--

ALTER TABLE ONLY public.auth_group_permissions
    ADD CONSTRAINT auth_group_permissions_pkey PRIMARY KEY (id);


--
-- Name: auth_group auth_group_pkey; Type: CONSTRAINT; Schema: public; Owner: nako
--

ALTER TABLE ONLY public.auth_group
    ADD CONSTRAINT auth_group_pkey PRIMARY KEY (id);


--
-- Name: auth_permission auth_permission_content_type_id_codename_01ab375a_uniq; Type: CONSTRAINT; Schema: public; Owner: nako
--

ALTER TABLE ONLY public.auth_permission
    ADD CONSTRAINT auth_permission_content_type_id_codename_01ab375a_uniq UNIQUE (content_type_id, codename);


--
-- Name: auth_permission auth_permission_pkey; Type: CONSTRAINT; Schema: public; Owner: nako
--

ALTER TABLE ONLY public.auth_permission
    ADD CONSTRAINT auth_permission_pkey PRIMARY KEY (id);


--
-- Name: authtoken_token authtoken_token_pkey; Type: CONSTRAINT; Schema: public; Owner: nako
--

ALTER TABLE ONLY public.authtoken_token
    ADD CONSTRAINT authtoken_token_pkey PRIMARY KEY (key);


--
-- Name: authtoken_token authtoken_token_user_id_key; Type: CONSTRAINT; Schema: public; Owner: nako
--

ALTER TABLE ONLY public.authtoken_token
    ADD CONSTRAINT authtoken_token_user_id_key UNIQUE (user_id);


--
-- Name: django_admin_log django_admin_log_pkey; Type: CONSTRAINT; Schema: public; Owner: nako
--

ALTER TABLE ONLY public.django_admin_log
    ADD CONSTRAINT django_admin_log_pkey PRIMARY KEY (id);


--
-- Name: django_content_type django_content_type_app_label_model_76bd3d3b_uniq; Type: CONSTRAINT; Schema: public; Owner: nako
--

ALTER TABLE ONLY public.django_content_type
    ADD CONSTRAINT django_content_type_app_label_model_76bd3d3b_uniq UNIQUE (app_label, model);


--
-- Name: django_content_type django_content_type_pkey; Type: CONSTRAINT; Schema: public; Owner: nako
--

ALTER TABLE ONLY public.django_content_type
    ADD CONSTRAINT django_content_type_pkey PRIMARY KEY (id);


--
-- Name: django_migrations django_migrations_pkey; Type: CONSTRAINT; Schema: public; Owner: nako
--

ALTER TABLE ONLY public.django_migrations
    ADD CONSTRAINT django_migrations_pkey PRIMARY KEY (id);


--
-- Name: django_session django_session_pkey; Type: CONSTRAINT; Schema: public; Owner: nako
--

ALTER TABLE ONLY public.django_session
    ADD CONSTRAINT django_session_pkey PRIMARY KEY (session_key);


--
-- Name: home_faq home_faq_pkey; Type: CONSTRAINT; Schema: public; Owner: nako
--

ALTER TABLE ONLY public.home_faq
    ADD CONSTRAINT home_faq_pkey PRIMARY KEY (id);


--
-- Name: home_feedback home_feedback_pkey; Type: CONSTRAINT; Schema: public; Owner: nako
--

ALTER TABLE ONLY public.home_feedback
    ADD CONSTRAINT home_feedback_pkey PRIMARY KEY (id);


--
-- Name: home_news home_news_pkey; Type: CONSTRAINT; Schema: public; Owner: nako
--

ALTER TABLE ONLY public.home_news
    ADD CONSTRAINT home_news_pkey PRIMARY KEY (id);


--
-- Name: home_news home_news_slug_key; Type: CONSTRAINT; Schema: public; Owner: nako
--

ALTER TABLE ONLY public.home_news
    ADD CONSTRAINT home_news_slug_key UNIQUE (slug);


--
-- Name: otp_totp_totpdevice otp_totp_totpdevice_pkey; Type: CONSTRAINT; Schema: public; Owner: nako
--

ALTER TABLE ONLY public.otp_totp_totpdevice
    ADD CONSTRAINT otp_totp_totpdevice_pkey PRIMARY KEY (id);


--
-- Name: users_kycform users_kycform_form_id_key; Type: CONSTRAINT; Schema: public; Owner: nako
--

ALTER TABLE ONLY public.users_kycform
    ADD CONSTRAINT users_kycform_form_id_key UNIQUE (form_id);


--
-- Name: users_kycform users_kycform_pkey; Type: CONSTRAINT; Schema: public; Owner: nako
--

ALTER TABLE ONLY public.users_kycform
    ADD CONSTRAINT users_kycform_pkey PRIMARY KEY (id);


--
-- Name: users_user users_user_email_key; Type: CONSTRAINT; Schema: public; Owner: nako
--

ALTER TABLE ONLY public.users_user
    ADD CONSTRAINT users_user_email_key UNIQUE (email);


--
-- Name: users_user_groups users_user_groups_pkey; Type: CONSTRAINT; Schema: public; Owner: nako
--

ALTER TABLE ONLY public.users_user_groups
    ADD CONSTRAINT users_user_groups_pkey PRIMARY KEY (id);


--
-- Name: users_user_groups users_user_groups_user_id_group_id_b88eab82_uniq; Type: CONSTRAINT; Schema: public; Owner: nako
--

ALTER TABLE ONLY public.users_user_groups
    ADD CONSTRAINT users_user_groups_user_id_group_id_b88eab82_uniq UNIQUE (user_id, group_id);


--
-- Name: users_user users_user_phone_fe37f55c_uniq; Type: CONSTRAINT; Schema: public; Owner: nako
--

ALTER TABLE ONLY public.users_user
    ADD CONSTRAINT users_user_phone_fe37f55c_uniq UNIQUE (phone);


--
-- Name: users_user users_user_pkey; Type: CONSTRAINT; Schema: public; Owner: nako
--

ALTER TABLE ONLY public.users_user
    ADD CONSTRAINT users_user_pkey PRIMARY KEY (id);


--
-- Name: users_user_user_permissions users_user_user_permissions_pkey; Type: CONSTRAINT; Schema: public; Owner: nako
--

ALTER TABLE ONLY public.users_user_user_permissions
    ADD CONSTRAINT users_user_user_permissions_pkey PRIMARY KEY (id);


--
-- Name: users_user_user_permissions users_user_user_permissions_user_id_permission_id_43338c45_uniq; Type: CONSTRAINT; Schema: public; Owner: nako
--

ALTER TABLE ONLY public.users_user_user_permissions
    ADD CONSTRAINT users_user_user_permissions_user_id_permission_id_43338c45_uniq UNIQUE (user_id, permission_id);


--
-- Name: users_user users_user_uuid_key; Type: CONSTRAINT; Schema: public; Owner: nako
--

ALTER TABLE ONLY public.users_user
    ADD CONSTRAINT users_user_uuid_key UNIQUE (uuid);


--
-- Name: auth_group_name_a6ea08ec_like; Type: INDEX; Schema: public; Owner: nako
--

CREATE INDEX auth_group_name_a6ea08ec_like ON public.auth_group USING btree (name varchar_pattern_ops);


--
-- Name: auth_group_permissions_group_id_b120cbf9; Type: INDEX; Schema: public; Owner: nako
--

CREATE INDEX auth_group_permissions_group_id_b120cbf9 ON public.auth_group_permissions USING btree (group_id);


--
-- Name: auth_group_permissions_permission_id_84c5c92e; Type: INDEX; Schema: public; Owner: nako
--

CREATE INDEX auth_group_permissions_permission_id_84c5c92e ON public.auth_group_permissions USING btree (permission_id);


--
-- Name: auth_permission_content_type_id_2f476e4b; Type: INDEX; Schema: public; Owner: nako
--

CREATE INDEX auth_permission_content_type_id_2f476e4b ON public.auth_permission USING btree (content_type_id);


--
-- Name: authtoken_token_key_10f0b77e_like; Type: INDEX; Schema: public; Owner: nako
--

CREATE INDEX authtoken_token_key_10f0b77e_like ON public.authtoken_token USING btree (key varchar_pattern_ops);


--
-- Name: django_admin_log_content_type_id_c4bce8eb; Type: INDEX; Schema: public; Owner: nako
--

CREATE INDEX django_admin_log_content_type_id_c4bce8eb ON public.django_admin_log USING btree (content_type_id);


--
-- Name: django_admin_log_user_id_c564eba6; Type: INDEX; Schema: public; Owner: nako
--

CREATE INDEX django_admin_log_user_id_c564eba6 ON public.django_admin_log USING btree (user_id);


--
-- Name: django_session_expire_date_a5c62663; Type: INDEX; Schema: public; Owner: nako
--

CREATE INDEX django_session_expire_date_a5c62663 ON public.django_session USING btree (expire_date);


--
-- Name: django_session_session_key_c0390e0f_like; Type: INDEX; Schema: public; Owner: nako
--

CREATE INDEX django_session_session_key_c0390e0f_like ON public.django_session USING btree (session_key varchar_pattern_ops);


--
-- Name: home_feedback_name_id_38faeafb; Type: INDEX; Schema: public; Owner: nako
--

CREATE INDEX home_feedback_name_id_38faeafb ON public.home_feedback USING btree (name_id);


--
-- Name: home_news_slug_d619f31e_like; Type: INDEX; Schema: public; Owner: nako
--

CREATE INDEX home_news_slug_d619f31e_like ON public.home_news USING btree (slug varchar_pattern_ops);


--
-- Name: otp_totp_totpdevice_user_id_0fb18292; Type: INDEX; Schema: public; Owner: nako
--

CREATE INDEX otp_totp_totpdevice_user_id_0fb18292 ON public.otp_totp_totpdevice USING btree (user_id);


--
-- Name: users_kycform_form_id_00e90036_like; Type: INDEX; Schema: public; Owner: nako
--

CREATE INDEX users_kycform_form_id_00e90036_like ON public.users_kycform USING btree (form_id varchar_pattern_ops);


--
-- Name: users_user_email_243f6e77_like; Type: INDEX; Schema: public; Owner: nako
--

CREATE INDEX users_user_email_243f6e77_like ON public.users_user USING btree (email varchar_pattern_ops);


--
-- Name: users_user_groups_group_id_9afc8d0e; Type: INDEX; Schema: public; Owner: nako
--

CREATE INDEX users_user_groups_group_id_9afc8d0e ON public.users_user_groups USING btree (group_id);


--
-- Name: users_user_groups_user_id_5f6f5a90; Type: INDEX; Schema: public; Owner: nako
--

CREATE INDEX users_user_groups_user_id_5f6f5a90 ON public.users_user_groups USING btree (user_id);


--
-- Name: users_user_phone_fe37f55c_like; Type: INDEX; Schema: public; Owner: nako
--

CREATE INDEX users_user_phone_fe37f55c_like ON public.users_user USING btree (phone varchar_pattern_ops);


--
-- Name: users_user_user_permissions_permission_id_0b93982e; Type: INDEX; Schema: public; Owner: nako
--

CREATE INDEX users_user_user_permissions_permission_id_0b93982e ON public.users_user_user_permissions USING btree (permission_id);


--
-- Name: users_user_user_permissions_user_id_20aca447; Type: INDEX; Schema: public; Owner: nako
--

CREATE INDEX users_user_user_permissions_user_id_20aca447 ON public.users_user_user_permissions USING btree (user_id);


--
-- Name: auth_group_permissions auth_group_permissio_permission_id_84c5c92e_fk_auth_perm; Type: FK CONSTRAINT; Schema: public; Owner: nako
--

ALTER TABLE ONLY public.auth_group_permissions
    ADD CONSTRAINT auth_group_permissio_permission_id_84c5c92e_fk_auth_perm FOREIGN KEY (permission_id) REFERENCES public.auth_permission(id) DEFERRABLE INITIALLY DEFERRED;


--
-- Name: auth_group_permissions auth_group_permissions_group_id_b120cbf9_fk_auth_group_id; Type: FK CONSTRAINT; Schema: public; Owner: nako
--

ALTER TABLE ONLY public.auth_group_permissions
    ADD CONSTRAINT auth_group_permissions_group_id_b120cbf9_fk_auth_group_id FOREIGN KEY (group_id) REFERENCES public.auth_group(id) DEFERRABLE INITIALLY DEFERRED;


--
-- Name: auth_permission auth_permission_content_type_id_2f476e4b_fk_django_co; Type: FK CONSTRAINT; Schema: public; Owner: nako
--

ALTER TABLE ONLY public.auth_permission
    ADD CONSTRAINT auth_permission_content_type_id_2f476e4b_fk_django_co FOREIGN KEY (content_type_id) REFERENCES public.django_content_type(id) DEFERRABLE INITIALLY DEFERRED;


--
-- Name: authtoken_token authtoken_token_user_id_35299eff_fk_users_user_id; Type: FK CONSTRAINT; Schema: public; Owner: nako
--

ALTER TABLE ONLY public.authtoken_token
    ADD CONSTRAINT authtoken_token_user_id_35299eff_fk_users_user_id FOREIGN KEY (user_id) REFERENCES public.users_user(id) DEFERRABLE INITIALLY DEFERRED;


--
-- Name: django_admin_log django_admin_log_content_type_id_c4bce8eb_fk_django_co; Type: FK CONSTRAINT; Schema: public; Owner: nako
--

ALTER TABLE ONLY public.django_admin_log
    ADD CONSTRAINT django_admin_log_content_type_id_c4bce8eb_fk_django_co FOREIGN KEY (content_type_id) REFERENCES public.django_content_type(id) DEFERRABLE INITIALLY DEFERRED;


--
-- Name: django_admin_log django_admin_log_user_id_c564eba6_fk_users_user_id; Type: FK CONSTRAINT; Schema: public; Owner: nako
--

ALTER TABLE ONLY public.django_admin_log
    ADD CONSTRAINT django_admin_log_user_id_c564eba6_fk_users_user_id FOREIGN KEY (user_id) REFERENCES public.users_user(id) DEFERRABLE INITIALLY DEFERRED;


--
-- Name: home_feedback home_feedback_name_id_38faeafb_fk_users_user_id; Type: FK CONSTRAINT; Schema: public; Owner: nako
--

ALTER TABLE ONLY public.home_feedback
    ADD CONSTRAINT home_feedback_name_id_38faeafb_fk_users_user_id FOREIGN KEY (name_id) REFERENCES public.users_user(id) DEFERRABLE INITIALLY DEFERRED;


--
-- Name: otp_totp_totpdevice otp_totp_totpdevice_user_id_0fb18292_fk_users_user_id; Type: FK CONSTRAINT; Schema: public; Owner: nako
--

ALTER TABLE ONLY public.otp_totp_totpdevice
    ADD CONSTRAINT otp_totp_totpdevice_user_id_0fb18292_fk_users_user_id FOREIGN KEY (user_id) REFERENCES public.users_user(id) DEFERRABLE INITIALLY DEFERRED;


--
-- Name: users_user_groups users_user_groups_group_id_9afc8d0e_fk_auth_group_id; Type: FK CONSTRAINT; Schema: public; Owner: nako
--

ALTER TABLE ONLY public.users_user_groups
    ADD CONSTRAINT users_user_groups_group_id_9afc8d0e_fk_auth_group_id FOREIGN KEY (group_id) REFERENCES public.auth_group(id) DEFERRABLE INITIALLY DEFERRED;


--
-- Name: users_user_groups users_user_groups_user_id_5f6f5a90_fk_users_user_id; Type: FK CONSTRAINT; Schema: public; Owner: nako
--

ALTER TABLE ONLY public.users_user_groups
    ADD CONSTRAINT users_user_groups_user_id_5f6f5a90_fk_users_user_id FOREIGN KEY (user_id) REFERENCES public.users_user(id) DEFERRABLE INITIALLY DEFERRED;


--
-- Name: users_user_user_permissions users_user_user_perm_permission_id_0b93982e_fk_auth_perm; Type: FK CONSTRAINT; Schema: public; Owner: nako
--

ALTER TABLE ONLY public.users_user_user_permissions
    ADD CONSTRAINT users_user_user_perm_permission_id_0b93982e_fk_auth_perm FOREIGN KEY (permission_id) REFERENCES public.auth_permission(id) DEFERRABLE INITIALLY DEFERRED;


--
-- Name: users_user_user_permissions users_user_user_permissions_user_id_20aca447_fk_users_user_id; Type: FK CONSTRAINT; Schema: public; Owner: nako
--

ALTER TABLE ONLY public.users_user_user_permissions
    ADD CONSTRAINT users_user_user_permissions_user_id_20aca447_fk_users_user_id FOREIGN KEY (user_id) REFERENCES public.users_user(id) DEFERRABLE INITIALLY DEFERRED;


--
-- PostgreSQL database dump complete
--

